word	count
mleko	247
zwłoka	1
	0
piwo	306
żarówka	253
kot	364
pies	271
banan	147
teściowa	567
szkło	2344
pszok	2199
bateria	189
zabawka	52
telefon	2130
ogryzek	668
brat	111
styropian	1793
siostra	231
trup	3
butelka	3884
skarpetka	14
telewizor	1607
pieniądz	3
papier	2852
samochód	1439
lustro	1349
plastik	1402
złoto	1284
sok	52
dom	1202
włos	1
ubranie	57
but	9
jogurt	98
kupa	755
śmieciarz	1136
olej	487
podpaska	97
komputer	1005
pampers	66
żona	239
popiół	1000
gruz	939
kość	0
jajko	217
opona	48
chleb	880
toaletowy	886
mięso	883
woda	124
wódka	70
dywan	849
rower	832
masło	118
lek	12
pielucha	56
pak	785
metal	813
trawa	175
choinka	66
snickersie	709
asystent	288
dzięk	0
dziecko	729
jedzenie	727
puszek	1
długopis	681
karton	4237
śmieć	0
drzwi	667
jabłko	656
obiad	49
plastikowe	1520
człowiek	131
ziemniak	9
puszka	1260
nara	650
krzesło	635
liść	0
prezerwatywa	252
słoik	1305
obierek	2
kurwa	1276
dżem	14
wyłącz	737
wino	42
pojemnik	1115
szklanka	117
dziękuję	1087
kawał	507
gówno	595
gazeta	79
masz	1582
ciało	543
majtki	471
mąż	16
żart	391
imię	409
worek	592
drewno	330
czarny	603
dupa	87
skarpeta	4
uran	269
herbata	34
dowcip	254
dziewczyna	108
jesteś	1630
mama	180
chips	0
ząb	18
siebie	247
głupi	294
mebel	4
kwiat	10
złom	222
książka	29
pizza	23
narkotyk	1
stara	176
gacie	224
kawa	42
dezodorant	197
paragon	198
odchód	0
CD	0
kolega	36
cola	5
plastikowa	383
kurczak	27
żwirek	293
aluminiową	193
farba	51
plastikową	561
chłopak	59
radioaktywne	202
higieniczne	166
pa	399
wiem	424
papieros	17
chusteczka	77
auto	178
kubek	352
okular	0
gabaryt	18
paznokieć	0
sąsiad	8
łóżko	160
wiesz	427
zwierzę	154
mózg	156
drzewo	137
bomba	72
chomik	20
folia	323
tato	15
pytanie	307
żucie	0
sika	4
tampon	127
talerz	133
aluminiowa	150
pogoda	180
schrodingera	121
papierowy	170
diament	16
bio	143
aluminium	127
słowo	34
rzecz	27
opakowanie	3933
napój	8
akumulator	137
murzyn	26
papierowe	191
śmietana	6
stół	128
freddiego	120
odpad	11
raz	110
brązowego	144
jakiego	1038
mieszkasz	124
ziemia	144
kwiatek	44
szef	16
nos	10
szok	110
lodówka	76
segregować	0
godzina	113
żółtego	171
kondon	19
smok	108
spodnie	122
guma	70
rozmawiać	0
czarownica	9
żółty	286
lego	127
laptop	99
matka	25
ucho	16
konserwa	18
kibel	99
alkohol	101
tata	132
krew	94
kosz	224
owoc	24
pomarańcza	10
rządzi	86
foliowe	134
poduszka	47
radio	101
gałąź	2
zupa	7
ciekawego	87
piosenka	25
okno	90
ryba	47
atomową	89
golenie	0
garnek	87
silnikowy	81
mysz	90
siku	90
kanapa	27
chodzi	165
szampon	7
mocz	84
ludzkie	340
mać	0
wiadomość	0
koń	20
ser	92
ojciec	12
śmietnik	117
wibrator	79
słońce	81
lekarstwo	16
koniec	196
powietrze	82
babcia	122
szkoła	5
żyd	8
serce	78
samochodowe	79
płaska	74
segregacja	89
cukierek	1
cisza	3
porcelana	4
kondom	65
pytaj	354
dobry	264
kosmetyk	6
pytać	0
zużyte	1229
kaloryfer	70
chcę	986
marihuana	56
szklaną	186
zielony	103
tabletka	2
elektronik	1
słuchawka	0
materac	83
gra	41
lód	11
przyprawa	0
czekolada	30
metalowe	195
pudełko	1167
szklane	492
pet	79
szmat	0
zmieszane	86
hej	159
pomoc	93
drukarka	12
ciuch	1
azbest	64
pralka	40
rzygi	72
elektronika	71
szafa	65
penis	14
k	80
elektrośmieć	0
kał	65
samolot	67
serek	12
kapeć	0
zegarek	67
stary	1667
nóż	67
chuj	60
Michał	0
kabel	75
wyrzucamy	1004
rodzic	3
śmiało	91
handlowa	60
życie	71
płód	63
proton	58
szczur	12
elektrozłom	70
humor	67
rodzina	4
keczup	15
komórkowy	60
królik	8
mądry	73
patelnia	33
Kaczyński	0
sperma	8
śmieciarka	70
idź	138
powiedz	773
nazwisko	63
antymateria	7
krem	17
foliowa	65
wystarczy	82
lampa	30
toaleta	18
policja	25
perfuma	0
samochodowy	57
bąbelkową	55
takiego	133
głowa	21
kolor	166
teść	0
dildo	58
ręcznik	196
węgiel	62
pościel	63
wina	57
świat	60
orzech	3
plecak	62
nazywasz	65
kibelek	44
coca	27
wiedzieć	0
foliowy	59
zapytaj	373
kiełbasa	28
przysłowie	52
animatronika	53
spożywczym	53
policjant	12
ręka	27
przykład	257
zdjęcie	35
odkurzacz	49
zapytać	0
miłość	0
paweł	99
kredka	0
noga	29
koleżanka	15
widzenie	0
beton	54
spierdalaj	114
żelazko	51
pranie	19
silnikowym	51
chyba	192
budowlane	55
broń	68
pepsi	50
pracujesz	66
kupka	10
fajans	51
aplikacja	58
lusterko	51
tył	1
szklana	155
gąbka	8
urodziny	53
stare	1775
syn	5
pszok-u	48
las	5
gadać	0
onet	124
praca	9
spać	0
czekaj	146
makaron	55
nauczyciel	12
strzykawka	34
play	51
palec	49
pierdolę	76
DVD	0
pistolet	51
piasek	56
granat	61
rtęć	0
dalej	124
animatroniki	45
czajnik	61
warzywo	4
atomowa	45
srebro	49
zarabiasz	52
tablet	48
dobro	0
pomóc	103
margaryna	1
obraz	53
marchewka	23
czołg	44
whisky	46
śledź	0
pluton	45
kołdra	24
siusiu	50
wyjebać	0
szyba	50
kamień	43
powiedział	137
star	15
słoń	9
kuweta	10
Mateusz	0
rzepakowym	42
nakrętka	43
fajny	71
mycie	5
kutas	6
morda	5
logarytm	0
wywalić	0
księżyc	45
matematyka	8
córka	20
wymiociny	43
piec	32
okej	355
porozmawiać	0
dziadek	10
ryj	50
niebieski	102
kolorowe	120
cegła	21
fotel	48
elektroniczny	44
baton	0
ogórek	34
dobranoc	56
jajo	14
Robert	0
zwierzęce	72
pytam	186
debil	43
brązowy	113
ogień	41
tektura	47
brudne	1748
majonez	13
śmieszne	56
parówka	9
aluminiowe	61
papa	88
papierek	1084
chcesz	251
wyłączyć	0
odzież	51
pomidor	34
batonik	4
mydło	39
koc	42
naczynie	8
rajstopy	43
pszoku	51
kanarek	37
mapa	10
kanapka	20
bioodpad	0
jebany	64
reklamówka	49
piłka	7
myśl	6
wrzucamy	578
kochasz	44
rozumiesz	63
płyta	19
rękawiczka	1
biurko	40
roślinnym	36
kapsel	76
siri	41
mineralnej	36
proszę	175
klawiatura	22
Marcin	0
lubisz	260
ryż	13
placek	6
światło	39
AGD	0
klejącą	35
głośnik	43
domestosie	36
niemiec	4
zeszyt	49
żartowałem	52
segreguje	114
elektryczne	48
problem	101
dać	0
rybka	22
szyb	10
chce	151
mówi	108
mówię	89
czujesz	40
zegar	43
toaletowa	2
fortnite	36
czerwony	76
wie	63
pieluszka	6
dzień	178
mówisz	97
zapalniczka	31
łysy	0
rozmowa	20
sprzedać	0
ołówek	33
styropianowe	74
playstation	34
wymiot	0
powiedzieć	0
jadalny	11
torebka	209
ciasto	39
lustrum	0
Roda	0
miedź	35
cześć	0
eternit	31
ściana	6
działo	0
aerozol	33
monitor	38
mikołaj	8
piesek	15
śnieg	33
szarego	41
kupić	0
huj	221
słychać	0
śmiesznego	49
paść	0
autobus	34
grzejnik	33
miś	15
starczy	42
wanna	0
Kacper	0
x	62
kobieta	12
koszulka	6
roślina	8
wieczór	40
oko	35
kebab	12
tapeta	2
elektryczny	35
ładowarka	11
wyrzuceniem	36
niebieskiego	53
polski	34
Pis	0
lalka	23
takich	62
plus	39
chemia	19
organiczne	30
numer	112
krowa	32
super	81
czas	73
plastikowy	140
marzenie	2
widelec	28
termometr	58
kokaina	24
bigos	29
ceramika	25
maciek	5
wiersz	43
mieszkanie	32
iphone'a	0
podłogowe	28
makulatura	28
wysrać	0
nożyczki	30
wyrzucę	191
utwór	27
wszechświat	27
oliwię	31
prąd	28
elektroniczne	36
pieczenie	0
żelazo	30
iphona	37
była	0
kieliszek	34
Tusk	0
pluszak	4
gwóźdź	7
McDonald	0
znaczy	175
rtęciowy	27
stąd	38
wiek	35
deska	25
stworzył	32
spadaj	68
robisz	64
bąbelkowa	27
urodziłeś	26
umyć	0
trociny	39
doniczka	34
sweter	31
zagrajmy	38
nutella	1
wersalka	4
toner	56
wacik	9
kartonowe	96
bluzka	9
gej	2
budynek	40
kurz	33
klucz	13
ceramik	0
kompost	27
kefir	9
zapałka	0
mieszkalny	25
świeczka	25
pilot	47
domestos	25
Kamil	0
prześcieradło	26
podłoga	1
pająk	9
mieszane	38
ksiądz	8
flixbus	28
gitara	4
tampona	28
kukurydza	1
wsadzić	0
mikrofon	46
zapraszam	42
odpadek	1
komplement	25
gmina	28
głos	38
mówić	0
panel	7
igła	13
dziwka	2
wędlina	10
mowa	0
medyczne	26
korek	80
planeta	2
wrzucać	0
resztka	3
Bartek	0
schowa	29
grill	4
drewniane	99
Polska	0
promieniotwórcze	26
kurtka	20
VHS	0
spray	24
słonecznikowym	23
ciastko	8
ptak	18
Błażej	0
materiał	37
cygan	0
m	42
tomka	28
Kuba	0
wosk	25
robić	0
gnój	26
skóra	13
zabawa	42
pewny	33
dziwny	32
kominek	9
cement	18
czarna	3
chemiczne	25
zakup	0
wrzuca	503
internet	25
Adam	0
kura	19
musztarda	1
Piotrek	0
noworodek	0
sznurek	27
polityk	1
brudny	271
co	0
kosmetyczne	23
mucha	24
kumpel	1
biodegradowalne	26
żywność	0
ulotka	19
mokre	99
strup	1
choroba	30
gumowe	71
zużytą	513
wrócić	0
higieniczna	22
schować	0
sąsiadka	5
kasa	6
bezrobocie	39
kurde	62
youtube	27
Dawid	0
wysikać	0
wiewiórka	12
szynka	15
biżuteria	12
prezydent	2
stanik	22
Hitler	0
pomogłeś	28
sklep	23
świetlówka	10
firanka	2
prysznic	22
klej	37
chwila	1
wiktor	12
cukier	22
prostytutka	2
kino	4
śmierć	0
denerwuje	30
różowy	85
rasowa	23
błądzi	22
cat	22
zakrętek	1
śmieszny	36
kontener	25
narzeczona	3
daj	156
inny	0
ogół	0
gazową	21
robi	129
Szymona	0
wiktoria	11
tynk	22
chemikalia	22
iphone	64
komputerową	20
samochodową	20
klasa	1
frank	2
kotek	25
okienko	2
samochodowym	20
torba	39
powiem	61
Łukasz	0
zośka	23
sierść	0
gość	0
miska	4
łonowe	21
gad	1
rodzeństwo	21
środek	0
zużyty	402
gumka	18
nerka	1
mikrofalówka	16
sraczka	4
elo	40
parasol	21
prostu	71
Zosia	0
słodycz	0
pijany	14
budowlany	26
kafelek	1
Piotr	0
portfel	25
gips	28
kartka	14
dinozaur	0
rozumiem	64
marek	13
kosmiczny	19
benzyna	0
passat	0
snikersa	19
zmieści	40
jutro	108
przyjaciółka	3
metalową	77
biologiczne	24
żółtym	46
deszcz	20
koperta	16
pomarańcz	3
tetrapak	27
wazon	22
zabicie	0
włącz	177
łeb	27
dolar	3
gadasz	38
nuklearne	18
widzisz	50
seks	24
pozbyć	0
weterynarz	9
bąk	5
lustr	0
wyrzucenia	33
amelinium	20
kuzyn	0
szambo	19
Titanic	0
ZUS	0
żyrandol	18
szafka	0
naklejka	5
płytka	2
chrupka	1
patrz	47
facet	14
aparat	27
niemiecki	5
daniel	4
frytka	0
pociąg	22
były	0
myszka	21
szczochy	18
nauczycielka	5
balon	20
warszawa	18
muzyka	12
mitologia	18
kontaktowe	19
Przemek	0
Andrzej	0
akwarium	20
grzyb	0
nazywa	68
Majta	0
spytać	0
przeklinać	0
lud	0
jebana	43
wyrzucić	0
opowiedz	856
wypierdolić	0
ostre	17
hulajnoga	1
bmw	23
wypierdalaj	46
możesz	341
Patryk	0
ość	0
iść	0
spożywczy	17
toster	17
pieczywo	21
sztuciec	0
wiadro	32
kuchenny	25
żyletka	0
robot	2
trumna	3
jednorazowe	35
xd	30
cebula	17
leda	0
konsola	1
rachunek	3
kran	17
szmata	21
włożyć	0
zezłomować	0
sernik	21
higieniczną	18
odpowiesz	24
Beata	0
pierdol	28
znajduje	62
trocha	0
polsku	22
niemiły	18
gruszka	16
jakieś	174
zamknij	183
pójdę	25
komórka	17
cytryn	1
samo	34
pizda	3
żyje	23
miasto	27
rzucić	0
id	1
kapusta	20
złoty	43
świnia	22
karmia	0
łyżka	12
suszarka	14
etykieta	4
klocek	6
śmierdzi	26
lis	8
sushi	19
bielizna	11
tekturowe	41
bola	0
oddać	0
klapek	0
narka	16
żaba	3
filiżanka	15
Dominik	0
niebieskie	27
pojebany	24
poproszę	50
wkurza	21
park	19
biały	30
odpowiada	41
lubię	70
schował	20
powiesz	43
usłyszenie	0
bułka	17
fuj	19
pogadać	0
tapczan	19
pomoże	20
ciekawostka	1
kartofel	1
zakończ	64
ciężarówka	2
przód	1
naprawdę	54
wykształcenie	16
ludzką	32
chińczyk	9
wąż	12
historia	7
baba	16
pierog	0
prezerwatywe	15
proszek	16
przyjaciel	1
motor	18
ceramiczne	16
amfetamina	15
recykling	18
posegregować	0
maszynowy	17
segregujemy	177
zdechłego	484
wojtek	8
zjeść	0
potrzebuję	29
kubeł	18
shop	18
rasista	0
Damian	0
radioaktywnymi	22
wydaje	57
sikać	0
zesrać	0
foliową	23
basen	21
chodziło	57
kierownik	2
Julek	0
dziura	7
cicho	33
powie	26
pedał	12
suchar	15
różowego	28
pewno	42
wiedział	24
klozetową	14
wspomnienie	2
mały	38
fajnie	47
słuchaj	77
mieć	0
traktor	15
gessler	15
obuwie	17
statek	32
jeans	0
Krak	0
płyn	24
kredowy	14
prezes	2
zepsute	243
Julka	0
mefedron	14
toksyczne	23
paluszek	0
pestka	6
biustonosz	14
słomka	6
piach	15
biedronka	9
sztuczne	31
lampka	13
magnes	20
pokój	24
majtek	6
picie	14
znasz	146
wujko	0
d	40
partner	1
czapka	3
czysta	5
balkon	16
śpiewać	0
tramwaj	17
Olek	0
metalowa	61
zabawny	19
kocham	24
złomiarz	1
koszula	4
Igor	0
cytryna	14
flaszka	6
miał	52
chciałbym	122
minuta	1
wyrzygać	0
odpowiedź	23
kabaret	0
browar	0
komunalne	15
kod	23
Artur	0
najlepszy	27
znaleźć	0
szary	126
sedes	13
mokry	108
segregowania	26
zaśpiewaj	82
będziesz	107
byliście	15
Magda	0
zepsuty	193
kiedyś	68
kwas	45
wykałaczka	0
kuchenne	13
PCV	0
siusiak	2
kalendarz	18
wątroba	3
lakier	59
padlina	2
fus	0
pierścionek	23
bałwan	2
żółw	6
obrazek	15
zdechł	28
Tymek	0
niemowlak	0
szczotka	20
jeść	0
asfalt	14
dzik	4
gr	16
blacha	3
e	44
organ	1
arbuz	13
fajne	35
kosmiczną	13
słucha	29
pomysł	18
gaz	21
pan	0
e-papieros	13
boxa	13
Ola	0
remont	1
pyta	94
silnik	28
gówienko	12
błąd	18
obchodzi	20
zobacz	34
zamknąć	0
bezrobotny	13
wór	4
lotto	12
kochanka	12
Eryk	0
twarz	5
atomowe	12
płukanie	0
quiz	21
okolica	1
polon	13
czarnuch	0
stało	20
kościół	18
spytaj	42
spokój	20
idę	72
domowe	14
kul	1
gołąb	3
paliwo	25
Zaniewski	0
smartfon	15
wiejskim	13
krzak	12
sól	15
oliwka	2
rzepakowy	12
radiowóz	12
jeż	3
pasek	26
spaghetti	15
rząd	12
żaroodporne	13
stop	17
fasola	1
drogowy	12
skorupka	30
Karol	0
fiat	4
Ewelina	0
bezdomny	3
Krzysio	0
atom	12
Monika	0
g	21
celofan	13
koci	93
siarkowy	12
Karolina	0
szczęka	0
zioło	14
babe	13
kalosz	1
niebo	28
Down	0
woreczek	55
elektronarzędzie	0
handlową	12
hala	1
obrus	16
rowerową	12
wzrost	1
taśma	4
sos	10
ulica	1
sejf	15
Ania	0
rok	10
szwagier	3
RTV	0
coupe	12
okienne	11
wkurwia	18
Paulina	0
włączyć	0
pióro	3
lekarz	6
plastyk	3
matma	0
siano	13
blok	23
Eiffel	0
odpowiedzieć	0
powiedziałam	30
zadzwonić	0
inaczej	22
nadzieja	1
uczyć	0
dziękujemy	21
laska	1
wcześniej	40
rasa	2
fm	22
zając	2
poznanie	0
baran	4
roślinny	12
plaster	13
flamaster	2
sałatka	2
papuga	2
poczekaj	28
Krzysiek	0
wykładzina	3
wiatrak	13
słonecznikowy	11
młotek	11
tort	15
kiwi	11
zombie	11
tuńczyk	4
kryształ	11
choinkowe	11
Dania	0
budyń	3
segregator	13
kocha	11
animatronic	11
stal	13
reklamowe	13
kocyk	13
pomarańczowym	11
burak	1
żyrafa	2
nauka	3
piekarnik	12
Rafał	0
godność	0
wierzę	16
śrubokręt	11
ciocia	15
rakieta	2
Natalia	0
zasłona	1
zbrodnia	0
Monik	0
kalkulator	12
depresja	2
Agnieszka	0
przedmiot	7
nieboszczyk	1
osoba	6
tofu	12
Rubik	0
oliwa	4
bot	1
smog	26
tetrapaki	11
śmierdzą	17
wyjście	1
daltonista	0
cena	10
jednorożec	2
mars	5
da	60
zrobił	26
sprawa	20
nazywam	12
pytałem	41
rozmawiam	26
rasowej	12
pączek	2
truchło	21
dawaj	65
rura	3
narzeczony	1
padać	0
gadam	23
źle	47
nieomylny	11
Jack	0
potłuczone	709
przyjedziesz	17
news	2
skuter	11
płaca	0
euro	15
noc	4
spotkanie	10
spryskiwacz	0
żarcik	15
zmieszanych	16
walizka	4
konto	19
umiesz	104
kto	0
powiedziałem	44
idiota	4
przeterminowane	91
wyrzucimy	62
powiedziałeś	32
wielkogabarytowe	11
wygrywa	12
zadzwoń	140
racja	4
cwel	2
kompaktowe	11
filip	1
śniadaniowy	10
Oskar	0
skup	30
śniadanie	9
mąka	8
puzzel	0
bluza	8
płot	10
znicz	0
świeca	2
smutek	11
klamka	1
Tymbark	0
duda	2
zawartość	0
soczek	0
ak47	10
radioaktywny	21
bakteria	1
dąbrowskiego	14
smażenia	10
trampek	0
Adaś	0
Klaudia	0
maślanka	0
syrop	6
Kasia	0
patyk	10
spinnera	10
wiadomo	30
cycek	0
jądrowy	10
Grzegorz	0
cerata	2
filozof	2
szczoteczka	20
Kinga	0
snickers	11
drążek	12
prawa	11
system	22
przeklinasz	10
myślisz	45
pupa	3
sofa	11
domową	12
szampan	1
śmiech	13
łódź	13
rzęsa	0
kfc	11
gruby	11
rad	3
Asia	0
budzik	16
emocja	0
wc	15
Czarnobyl	0
niegrzeczny	16
siekiera	12
audi	20
menel	10
pochodzisz	10
polak	7
czerwone	25
clio	9
inteligentny	14
pomarańczowy	15
pojęcie	0
śmierdzisz	13
koszyk	17
śmierdzące	169
niedopałek	9
kosiarka	5
tacka	22
wziąłeś	12
babka	2
kolejny	26
komunalnych	12
wysoko	12
porozmawiaj	829
wstyd	9
onetu	9
jedno	0
nudny	12
leże	0
słuch	10
soczewka	0
kolczyk	0
przełącz	42
napisał	26
idziesz	27
żonaty	12
angielsku	14
pyszne.pl	9
budowa	1
śmieciara	10
dowcipny	15
fajka	0
lut	0
pasażer	0
miło	21
wiedźmin	9
bimber	10
pierdzielę	11
głup	0
skończyłeś	10
firana	1
spoko	26
mila	9
dachówka	10
łańcuszek	9
metalowy	48
antyperspirant	10
małpa	2
karabin	28
śniadaniowe	10
Adrian	0
Janusz	0
nożną	11
termos	9
krzyż	12
winylowe	11
pianino	12
zaręczynowy	9
satelita	0
Leon	0
pottera	9
pasztet	8
groszek	4
maść	0
ścierka	1
pianka	13
ścierny	9
sałata	6
kulka	4
kochanek	0
Hubert	0
rano	21
ninjago	10
kaseta	8
kredytową	9
fortepian	9
brita	9
rudy	4
Google	0
morską	10
tekstylia	9
wideo	15
dokument	2
zakrętka	32
chwast	0
znajda	0
platyna	2
złość	0
maskotka	3
homogenizowanym	9
Wrocław	0
współlokator	1
bajka	14
pieniążek	0
kula	9
ślina	1
hulka	10
mrówka	3
trampolina	1
schód	0
atrament	10
ceramiczny	16
nic	0
wyjdź	49
płatek	4
zobaczenie	0
kac	3
beznadziejny	9
wylać	0
sreberko	32
latarka	6
erotyczne	9
kąpiel	0
szpilka	0
umyte	13
ciebie	0
Martyna	0
dusza	1
zapytanie	3
rapować	0
szybka	1
bóg	6
Jarosław	0
frajer	2
b	27
garaż	9
hajs	9
kaktus	10
informacja	0
różne	38
pytasz	24
zamówić	0
dostęp	19
niegrzeczna	19
spalić	0
tyłek	8
łyżeczka	6
Grześka	0
zawód	9
filozofować	0
pobliże	0
koparka	2
smieciarza	11
wróć	0
nadaje	21
niebieskim	13
jesteśmy	27
wiedziałem	14
pierdolony	18
puchar	10
android	13
rowerowe	9
kompostownik	8
zrobię	34
paulin	0
angielski	7
elektryczna	11
smark	0
sufit	8
barbie	11
dajemy	33
daje	53
zajebisty	12
dynamit	8
Aleksander	0
gadaliśmy	11
rzucać	0
słaby	16
chciałem	66
pytał	16
szpital	11
chodzić	0
spożywczą	8
podoba	16
papierowa	42
wystawić	0
skarbonka	1
ściek	0
sprawdzić	0
wielkie	17
dynia	0
głupek	4
zgniłe	178
weekend	13
płaszcz	9
apteka	5
english	8
wentylator	8
bandaż	8
USB	0
słoneczne	8
rekin	0
wal	15
stringi	11
szatan	0
wróg	1
tępy	13
dziecięcy	8
T-shirt	0
naleśnik	9
szlug	0
pędzel	3
kuchenka	3
ręcznikowy	10
silikon	8
śniadaniowych	8
truskawka	2
nocnik	8
pracownik	3
Zuzia	0
karm	0
Marta	0
palka	0
kur	6
facebook	5
sanki	8
pl	11
biblia	1
amunicja	4
ognisko	10
urządzenie	0
złodziej	1
hartowane	9
laczek	0
kupe	10
prawda	22
Szymon	0
gadżet	0
telewizja	1
szyszka	0
Sebastian	0
grab	0
zgłosić	0
fizyka	0
dach	5
sio	0
piwko	8
Weronika	0
opel	2
fekalia	9
gałązka	0
siema	57
me	9
wata	5
Kamila	0
wieszak	9
Marysia	0
sens	31
niesegregowane	11
kosmos	9
reklama	3
konfident	4
kludo	8
osobiście	8
restauracja	1
zarabia	32
rysunek	8
interesuje	15
fiskalny	9
mieszanych	9
jem	13
suche	43
Staś	0
drewniana	22
włącza	23
musza	0
meblowe	9
procesor	11
siatka	13
mieszkam	35
namiot	8
kalafior	9
spożywcze	8
schabowy	9
Katowice	0
robak	1
porcelanowy	19
mema	7
wycieraczka	1
żyjesz	8
zna	18
skórka	970
blanta	7
chory	16
działasz	11
trafić	0
to	0
assistant	9
odpowiedział	25
pleśń	9
żartujesz	9
ogród	3
plastikowych	15
niepotrzebne	38
ważne	11
niemiecku	13
mówiłeś	22
dziwne	22
wrzucam	21
zutylizować	0
rozbite	54
mądrego	10
kochany	9
kosztuje	46
flixbusem	7
film	20
mobil	2
podpowiedź	6
czystość	0
podziękuję	9
wszystko	0
usta	2
nienormalny	8
heroina	3
szybciej	13
przyjedzie	18
samego	17
szczątek	0
słucham	27
małe	87
wziąć	0
samochodzik	10
zagadka	3
komunizm	7
nasrać	0
pomocny	8
tłumacz	9
piździsko	7
płaci	13
wiatr	9
pewien	13
pudło	14
żółte	24
totolotek	0
saper	0
wyszło	16
dodać	0
widzę	34
Maria	0
dyrektor	11
hahaha	12
dwóch	14
wypicie	0
Inga	0
żartuj	10
you	28
zwierzak	3
filtr	87
stopa	2
świetlny	7
ex	16
sód	1
pisak	0
pierś	2
komar	0
mężczyzna	6
kaczka	2
przyjaźń	7
zszywka	1
tytoń	7
żel	22
dzwonić	0
sukienka	6
klatka	4
dętka	3
zlew	8
parkiet	8
karnisz	7
mielony	0
awokado	7
celuloza	3
moneta	0
malowanie	0
jądrowe	7
samsunga	11
niemowlę	7
czysty	80
polo	9
śmieciowa	8
czipsach	7
owocowa	0
pringelsach	7
kujawskim	7
detergent	0
smażeniu	11
tatuś	4
kraj	8
biologia	1
nasienie	7
lamborghini	8
magnetofonowe	8
graficzną	8
Justyn	0
kubeczek	53
pedofil	3
papież	7
stretch	8
róż	1
twardy	14
jaś	0
ławka	1
czosnek	7
Ukrainiec	0
nawilżane	10
oranżada	0
białe	35
łazienkową	7
pałeczka	0
alexa	7
areozol	7
komórkowe	7
waga	7
szczecina	0
czekoladka	0
globus	7
motocykl	7
ekspresową	8
komputerowy	8
plastelina	0
wode	8
Kołaczyce	0
szefowa	0
szkielet	13
zwierzęcego	7
żul	3
hamulcowe	7
wiedza	3
śpi	9
ropa	3
fajerwerk	0
lgbt	7
kotlet	11
umywalka	5
stolec	7
p	62
bóbr	2
Patrycja	0
kończymy	12
kół	1
szklany	46
Szymek	0
drut	12
winogrono	2
jarek	2
Konrad	0
Sandra	0
Natalka	0
jebnięty	10
wrzucę	47
brązowe	18
smutno	9
wujek	32
wesz	0
eko	13
ludzkimi	9
szydło	7
PZU	0
wkłada	43
ferrari	7
zużyta	124
papierową	28
cipka	1
multikino	7
normalnie	40
alkoholik	5
zapytam	21
Maryś	0
żartowniś	9
duży	33
fiut	1
Anglia	0
drapak	9
UHT	0
brzuch	10
Dorota	0
świeci	15
obrączka	0
Krystian	0
pracować	0
energooszczędna	6
wielomateriałowe	6
ważysz	6
jajecznica	1
Kraków	0
żartowałam	12
chciał	38
ekologia	8
zasilany	6
box	7
mecz	11
spuścić	0
darek	1
wpierdol	2
papryka	6
okres	6
myślę	26
tv	6
dziesięciu	15
magnetofonowa	6
pysk	6
znajomy	0
parasolka	0
rosyjsku	7
dowiedzieć	0
wczoraj	33
rafaello	6
rozmawiasz	11
Kielska	0
cukrzyca	6
bądź	27
plastikowymi	32
papapa	24
kiszone	11
podwórko	3
góra	5
segregowaniu	13
ziemne	7
niebezpieczne	12
ode	12
byłeś	25
dyskietka	0
rybnych	6
save	6
kucharz	3
dokształcić	0
świta	7
słyszę	13
popcorn	6
$	7
pomarańczowego	7
Al	0
potrafisz	35
lepszy	19
aha	55
poddaję	10
czekam	36
głupota	5
brukową	7
segregowanie	23
psia	66
solny	6
Jezus	0
home	10
miejscowość	0
najbardziej	15
blik	9
sobota	2
pojebało	8
kupia	0
googlem	6
Express	0
zło	9
imieniny	7
jedziesz	12
robota	19
część	0
elektryczną	11
golarka	8
urlop	6
zwloki	7
zasilacz	8
atomowy	7
pumeks	7
flaga	0
mikser	9
dół	12
huśtawka	1
sumienie	0
wodór	7
wieżowiec	7
demakijaż	0
roślinka	1
dekoder	8
sznurówka	0
przyszłość	0
paczka	54
kompaktową	6
peruka	0
taboret	6
tkanina	5
sandał	0
narta	0
Janka	0
Gabi	0
Rzyki	0
wifi	6
rozpuszczalnik	7
niedźwiedź	1
olejna	1
ciśnienie	2
mleczko	7
proboszcz	0
premier	0
poliester	8
aluminiowy	8
pierze	8
sprawiedliwość	0
parapet	6
sneakersy	6
słoneczny	6
termiczny	6
plastikowej	23
chińskiej	6
montażowej	6
makrela	2
nadruk	0
aborcja	1
morskiej	6
Nokia	0
dentystyczna	6
program	20
mercedes	6
meteoryt	6
matura	0
jednorazowa	16
kosa	5
korektor	8
bąbelkowe	7
ps4	6
ekspresowej	6
kolorowanka	3
helikopter	8
rękawica	0
planszową	6
Ewelin	0
patyczek	51
prasowania	6
anime	8
chmura	4
Niemiec	0
luby	0
zostaw	23
wynos	9
dyson	6
minecrafta	6
animatronikach	6
gazowa	6
tesciowa	6
smieci	8
pomidorowa	0
dron	0
sardynka	3
twarożek	1
komputerowe	6
lizak	1
chałka	0
szycie	1
pistacja	0
pszczoła	2
listonosz	0
kartonik	136
drabina	3
energia	0
masturbować	0
wirus	0
kalesony	8
kaflowy	6
lenka	5
lala	1
grosz	4
jezioro	6
bulbulator	6
śrubka	0
ślimak	4
len	0
Gucci	0
potas	0
stolik	10
ogrodowe	6
matiego	6
boisko	7
sra	11
drewniany	33
skarb	7
piżama	2
montażową	7
fazbear	6
manga	1
wyrzucił	20
foliowym	11
pokrywka	13
zabrać	0
pierdolnięty	6
kochanie	12
kończę	7
Władek	0
kakao	6
fajna	10
rzeka	5
bezużyteczny	6
Karolin	0
leci	15
głupia	25
radioaktywnym	6
Madryt	0
zaraza	0
kuchnia	5
przyjechać	0
koło	33
udać	0
miesiąc	10
buzia	0
wyrzucasz	14
jan	10
luty	12
bliżej	7
napisane	11
wysłać	0
złotko	13
matematyk	0
zrozumiał	12
Anna	0
wygląda	78
Łomża	0
maja	7
kisiel	8
samsung	12
czarnoskóry	3
analne	6
magnez	7
słoma	0
jebadło	6
przerasta	9
gardło	7
biurowy	6
zakopać	0
ledowe	6
przepraszam	27
sorry	10
stać	0
paka	8
pieniadze	5
banknot	1
salceson	5
wychodzi	17
gwinta	5
głośnomówiącym	6
zrozumiałem	7
youtubera	5
pokićkało	9
toaletowego	6
papeć	0
drożdże	5
wymyślił	10
suchy	55
świnka	11
później	36
wiedźma	5
wielkanocne	6
strona	3
powtórz	11
bierka	0
bambus	4
byłem	15
pomaga	12
pot	0
odpowie	9
element	1
służy	24
Mirka	0
kokos	3
tron	7
bitcoiny	6
karta	13
alarm	6
chciała	24
pyszne	6
o.o	7
Roman	0
miejsce	15
słyszysz	7
napędowy	6
żelek	0
dziecięcą	5
city	7
pokażę	9
cholera	7
przyjedź	13
Marian	0
mineralna	6
dawać	0
wyglądasz	8
gumowy	16
Milena	0
wola	11
wyrucham	9
powtórzyć	0
raczej	14
popsute	26
posegregowane	7
informatyka	4
komputerowa	6
zaśpiewać	0
udo	1
snickersa	5
ciekawe	19
muszla	7
szlachetne	5
mandarynka	6
ułomny	5
zadać	0
messengera	6
ładny	9
apap	5
żegnam	10
mylisz	16
doda	5
zajebana	7
smieciarz	5
niezły	6
darmo	7
temperatura	13
mistrz	0
pieprz	7
kompot	9
umysł	5
ketchup	5
kończyna	0
Windows	0
łupina	2
zapytałem	21
śpisz	5
nawóz	5
blanty	6
kurczę	8
topionym	5
jesteście	8
cipa	8
robimy	32
pozdrawiam	6
promieniotwórczy	8
droga	4
jaszczurka	0
ambicja	0
żwirownia	1
impreza	0
niszczarka	0
tłuszcz	11
Nike	0
złóg	0
piwnica	0
latki	5
sedesową	5
ciążowy	5
odbyt	5
zone	5
Oliwier	0
kosmita	2
mazak	3
mineralną	5
budowlana	5
zamek	7
niedziela	60
nowy	59
Tadzik	0
Gosia	0
zdechła	128
szczypiorek	7
półka	2
router	7
marker	5
focusa	5
krokodyl	0
almette	6
Samuel	0
rzygowiny	5
drzewny	5
szop	2
prezent	8
hadron	0
c	30
biebera	5
ananas	4
pudziana	5
programista	18
spirytus	4
rurka	4
liptonie	5
zderzak	18
bór	6
śliwka	1
Tadeusz	0
rakietowe	5
paczkomat	5
skórzaną	19
pendrive	6
kaszel	6
cytrus	0
komunalny	5
napletek	6
ocet	5
foliowej	6
plik	0
gniew	5
słonecznik	3
piórnik	5
bidon	8
Ikea	0
Małgosia	0
wydra	5
mandat	8
lew	1
Lena	0
maca	7
Pawłowicz	0
wieloryb	1
Koran	0
poręba	2
apple	6
komin	7
klops	6
mop	2
katalog	6
język	12
Stalin	0
termin	2
Afryka	0
bambusowe	6
muza	2
hamburger	5
dywanik	8
czasopismo	3
sol	0
LCD	0
Trump	0
porno	5
przestań	18
SA	0
ból	16
butla	13
bachor	0
Boni	0
błoto	4
blender	5
Białas	0
Amelka	0
wlosy	5
tesciową	5
uranowe	5
styrodur	5
robocze	5
mięsne	6
miotła	2
skrzypka	0
gipsowe	5
brzoskwinia	0
pazłotko	9
łazienka	1
petarda	2
powlekany	10
joint	2
jarzeniówka	1
paleta	2
rosół	9
SD	0
gospodarczej	5
osa	5
polonez	0
kostka	5
chcemy	13
pisze	19
golf	2
wełna	6
mówiłem	20
Wiktorek	0
ludzka	14
stalowe	9
ochroniarz	0
Jackson	0
smakuje	8
niewidomy	5
samobójstwo	5
tir	3
Daria	0
lemur	1
zmywarka	2
szkolne	6
łódka	1
morderstwo	1
akrylowe	7
dysk	16
chłop	2
ruska	5
peugeot	2
Katarzyn	0
oczną	6
Ewa	0
bokserka	0
działka	1
guzik	7
trawka	1
miód	10
smoła	0
żartuję	10
niedobry	7
koks	7
Iza	0
polipropylen	5
ołów	5
kret	1
pierda	5
Norbert	0
burger	3
pisać	0
rozłącz	23
smerf	3
wiaderko	16
przycisk	17
zwierzątko	10
przedłużacz	5
woskowany	10
maluch	2
ceramiczną	5
całość	0
rododendron	8
nietoperz	0
wynieść	0
adres	10
istnieje	14
FBI	0
inteligencja	12
holokaust	1
możemy	58
fioletowy	11
pracuje	12
biodegradowalna	5
zjebany	18
pokaż	60
substancja	0
Tomek	0
rzygać	0
brudną	97
przyjdzie	16
oktarynowy	7
Zbyszek	0
kowalczyk	5
czeka	6
miało	15
gdzie	0
bawełna	5
arszenik	5
znam	16
pieluchomajtki	6
klasyczną	5
śmieje	6
rozum	1
osobno	8
foliowany	7
wyruchać	0
dzieje	32
brylant	2
milion	5
gumowa	11
nieprawda	11
szmaragd	0
makbeta	5
odłamkowy	5
stres	1
ogródek	2
biodegradalne	5
LSD	0
regips	6
płatne	6
gać	0
zabiję	11
poszedł	10
pokazał	8
kręci	8
rasowym	4
Ita	0
kozak	6
piła	5
firma	6
pończocha	0
zwierz	0
wychodzić	0
bilet	16
górne	4
chodź	21
ramka	6
zapłacić	0
chemicznym	4
odzywaj	4
tekturowy	12
oszczędzamy	7
wyrzuci	29
kapselki	8
ślub	5
potrzebny	6
wchodzę	4
wat	0
oprysk	0
widziałeś	8
ekstra	4
punkt	35
włączone	5
jazda	0
jadę	16
szpak	1
technika	2
niestety	17
podzielić	0
rasistowskie	4
aga	5
Miłosz	0
zarapuj	4
kompas	5
zajebiście	9
styropianowa	12
samochodowa	4
wróbel	0
prawo	21
marzec	5
śmietanka	2
toksyczny	6
połącz	52
rozpłaczę	5
kolacja	0
weź	104
słyszy	6
chiński	7
Mikołów	0
dama	0
ostatnio	20
minecraft	4
miedziane	5
Nadia	0
muzyk	3
mówiła	10
se	56
orange	7
esky	4
Janek	0
sprzątaczka	2
przeklinaj	11
oddajemy	7
taczka	5
skórzana	12
Włoch	0
bąbelek	0
lakierowany	10
kolorowy	17
feta	4
por	1
blondynek	0
lite	4
ciężko	10
przeciwsłoneczne	5
terakota	0
gadali	7
kłamiesz	4
księga	1
idziemy	42
ciągło	0
chujowy	6
mat	3
Maciuś	0
gówniarz	0
wywala	35
srajtaśma	5
pada	24
mana	6
czytać	0
serwetka	0
odpowiedziałeś	6
jechać	0
musisz	83
rada	1
ekran	10
przewód	4
Gdynia	0
miły	8
stopień	1
pierdolisz	10
chica	4
Jacek	0
v	7
Dagmara	0
kolęda	0
chodnik	5
rivii	4
kaszanka	5
nazwa	4
kangur	0
trudno	12
świetny	6
przystojny	4
upośledzony	4
funkcja	5
wrzos	0
krewetka	0
morze	2
Mariusz	0
pal	9
jądro	1
IQ	0
trafia	38
chińsku	6
japońsku	4
dowie	5
ogólnego	5
wkurwiasz	9
dostanę	15
fraszka	0
kwadratowy	5
galon	4
kampf	5
know	6
ogrodowy	7
grzebień	5
randka	1
umówić	0
quick	4
żółtko	5
żegnaj	7
sala	0
łubianka	1
tusz	25
drogowe	4
kłódka	0
sebka	4
klan	2
bród	0
jedynka	3
kasza	3
Foch	0
wiertarka	2
opatrunek	4
glue	4
usłyszał	8
t	11
pochwa	1
klosz	9
bongo	4
pufę	4
koszykówka	0
mate	9
volkswagen	0
Legnica	0
pierdy	6
robił	7
struś	0
bieg	1
sklejka	0
ostra	5
sejm	4
sebę	4
kaczor	1
piękny	6
tigerze	4
rybnej	4
dzwonię	14
powerbank	4
bombka	0
spodenki	4
email	5
ćwiczenie	0
dafi	4
kruk	0
produkt	2
żuk	2
pietruszka	5
kultura	0
patusa	4
polską	5
Barbara	0
ufo	4
corsa	1
oznaczenie	0
merci	5
kabanos	0
galaretka	0
pringles	4
tlen	5
mp3	5
nut	1
Kubuś	0
uczyłeś	5
Marcela	0
Iwan	0
tor	1
miodek	5
kajdanki	4
małżonek	0
maxa	5
boską	4
sarna	1
lewa	5
lawa	1
alladyna	4
kurek	2
zabawnego	4
plastikowym	23
nienawidzę	17
konstytucja	0
rybną	5
antek	0
Gabryśka	0
kart	0
Mostowiak	0
figurka	2
karimata	0
kapsułka	0
Ameryka	0
kajzerka	6
Justyna	0
maszynka	26
czepek	5
futryna	0
malarską	5
flaming	1
dzbanek	9
Radek	0
dzban	5
freddy	7
chlebak	4
Rumun	0
rzodkiewka	1
pomadka	0
czaszka	0
cs	4
azot	4
pytałam	14
nawilżające	4
sztuczną	32
volvo	4
liquid	7
harnaś	2
mieszek	0
biologiczna	5
wybucha	5
bojler	5
animatronica	5
sperme	4
mame	4
żarowe	4
szarlotka	0
papaja	4
wiśnia	3
chemicznych	4
ziemniaczane	6
mentosy	4
przetwór	0
foliówka	2
days	4
Gera	0
fiskalną	4
king	1
wypłata	2
mięsko	4
marchew	5
stalowy	6
ziemską	4
ledową	4
zasada	0
srasz	5
arab	0
naftową	4
lg	7
smoczek	4
powerbanka	4
wielki	18
jabłuszko	4
futro	17
psychicznie	7
świecznik	4
sokół	5
poliuretanową	4
pad	3
jedzonko	4
Rosja	0
siuśki	4
thanosa	4
talerzyk	5
sztanga	0
ciąża	0
Oliwia	0
ul	16
tupolew	0
internetową	4
Margaret	0
szkolny	6
widzieć	0
dwór	7
magnetofon	4
kiep	0
płatniczą	4
przeszło	4
bla	34
duch	0
zostać	0
majteczki	7
epapierosa	5
wyszedł	4
naskórek	7
łoniaki	4
jednorazową	6
dziobak	0
tygrys	2
szlafrok	4
swój	50
rak	1
listwa	0
elektronicznym	5
wybuchowe	4
lupa	1
kapelusz	7
gwiazda	0
recepturka	2
Edek	0
Agata	0
zimno	5
nasikać	0
biegunka	0
indyk	1
plakat	6
matroniki	4
gazetka	6
wyrzucic	181
spożywcza	4
wziął	8
kończyć	0
pierniczę	5
zużytymi	43
uspokój	4
zrób	35
bawić	0
najlepiej	40
łańcuch	5
pójście	1
pluszowe	11
szmatka	1
wybuchnie	5
dżinsowe	4
kosmiczne	4
Kaczmarski	0
Ernest	0
grzech	0
zrobisz	31
zapomniałem	5
korona	2
zdrowie	9
segregowane	13
umówisz	6
zły	52
żywy	13
instagrama	4
myjemy	4
pole	6
pierdnąć	0
różowe	14
zakochała	4
szczerza	0
dupsko	5
arka	8
dokładnie	9
szklanymi	12
ogólne	8
samochodowymi	4
suplement	0
politechnika	1
palną	4
ekogroszek	0
wkurzasz	5
żywo	6
Denis	0
zdradza	5
dzwonił	4
waste	4
Emil	0
kaolin	4
szarym	16
głodny	5
Holandia	0
europ	0
środowisko	4
maj	2
segregowac	7
klozetowa	5
doktor	3
zakończyć	0
denaturat	1
szminka	2
kawałek	32
sprzedawać	0
Alicja	0
cwaniak	8
pizdu	6
gadaj	13
uczy	8
pamiętam	12
przyjdę	6
porąbany	5
wyrzucam	51
temat	18
kobalt	4
złomować	0
doświadczenie	5
gram	8
Lenin	0
zużytego	71
energetyk	1
nocną	4
kapitalizm	4
Julita	0
Baś	0
umarła	4
marihunaen	5
nikolę	4
powiedziałaś	16
poła	0
normalny	13
poseł	0
bateryjka	1
zabawne	4
pisanie	1
niezdrowy	3
selfie	3
adidas	3
koza	15
dworek	3
pochować	0
rzuca	59
seria	1
badanie	3
wiedziała	8
zasrany	11
zniknie	5
czytał	3
zajebiste	9
Krzysztof	0
bank	6
bilardowy	3
kiem	3
wyłapuje	3
maszyna	1
witamina	0
sojowym	4
transformator	5
wyrzuć	0
wracam	5
badan	0
żadnego	8
kuzynek	0
szynszyl	0
grać	0
mbank	3
jakiegoś	27
odpowiadać	0
zoo	3
ford	1
wejdź	6
wyszukać	0
dopiero	19
rozłączasz	3
przypadek	6
zagrać	0
dowiedz	6
data	2
polecasz	6
miła	2
sarkazm	3
przytulanka	3
potłuczony	20
smutne	5
bujaj	4
słuchają	4
korzystam	3
zawołaj	8
chujowo	3
zobaczysz	6
śruba	4
mieliśmy	5
śmietnisko	4
odpierdala	3
czuja	0
całkowicie	5
okienna	3
szmaciarz	3
lnianym	3
japa	1
bretońsku	3
wierszyk	5
wyłącza	9
skończyć	0
dźwięk	11
tarka	3
kupisz	8
poczta	5
osobowość	0
kolejne	107
nudna	3
scyzoryk	3
słowik	3
pyton	5
najbliższy	29
kolano	4
mikrofala	1
pack	3
włoski	3
grypa	0
wymienić	0
chór	3
Bydgoszcz	0
powtarzaj	8
głównej	3
aceton	2
szakszuka	3
przekleństwo	3
wolno	10
smieciarzem	5
elektryk	0
onet.pl	4
pomyśleć	0
znać	0
lasagne	4
centrum	3
higieniczny	3
samuraj	0
metalowymi	9
klub	7
ukrycie	0
pasta	30
oddawać	0
babeczka	0
instagram	3
blister	27
niemądry	4
głąb	1
bibuła	0
niefajny	4
pamięć	0
opaska	1
jabłkowe	0
modyfikowanym	3
Leszek	0
bombonierka	0
Olga	0
głosowego	3
lublin	3
avengersów	3
tuja	0
halka	3
rolnik	1
kiszony	3
chęć	0
Gogh	0
zrobili	4
pytają	7
wtorek	3
studio	1
zrozum	5
phone	3
zrobimy	15
zdecydowanie	25
piszesz	6
powstałeś	4
spotkać	0
ledowa	3
wywalać	0
zadałem	6
kilo	13
odpowiadasz	16
poważnie	9
chamski	5
odpowiedz	18
pindola	4
elektroda	0
zgadzam	6
nazwać	0
myślałem	21
rysować	0
czyta	6
Stefan	0
łapa	1
sprzedania	4
zabiłem	21
karma	9
styczeń	0
jasło	3
mówiłaś	7
idą	16
słuchać	0
powrót	3
lepiej	36
test	13
zrobiłeś	8
h	11
włączył	10
napiszę	4
widzieliśmy	3
zjedzone	5
rozmawialiśmy	6
lady	4
pusta	20
powtarzać	0
chowa	16
allegro	6
koszt	11
pomagasz	6
markt	4
ziomek	6
Pia	0
zdrowy	5
sraka	3
niebieskich	10
fasolka	2
dosyć	0
wypieprzyć	0
lustereczko	3
tempaku	3
pryncypałka	0
miejskiej	3
tydzień	2
izolacyjną	3
nosacz	0
tetra	796
TVN	0
oznacza	41
złapał	8
napewno	4
stonóg	0
s	50
pieniek	2
stworzono	3
kauczuk	3
kredytowa	3
graficzna	4
Wojtyła	0
skończ	6
jedzie	14
Jurek	0
jednocześnie	5
cwany	3
biedry	3
segregowaniem	4
list	4
Barcelona	0
genitalia	3
najlepsza	9
brązowym	12
Zamość	0
Aneta	0
operacyjny	4
kleks	0
głośno	26
włosek	0
żyła	4
katar	3
francusku	5
takiej	16
roczek	1
setka	2
światłowód	3
Romek	0
waży	20
szpinak	3
fakt	1
bananowym	3
nauczyłeś	5
hello	4
jądrowym	3
kołysanka	0
procent	5
jedziemy	8
Zabrze	0
zmęczony	4
Kononowicz	0
stworzony	3
Tesco	0
zarzucić	0
motyl	0
tekst	5
nabój	2
bat	0
naszyjnik	3
kałuża	0
dentystyczną	3
pellet	3
reaktor	18
kopytko	4
dupe	3
chińską	119
znaczek	9
zlewozmywak	3
zlewek	0
slime	3
kierunek	3
pokemona	3
świąteczne	6
kwarcowy	3
Sawczuk	0
owad	0
mól	0
wieża	8
dziewczynka	4
wisielec	0
kg	10
karp	0
żal	4
fryzjer	0
wędka	0
sztuka	0
wolfram	3
święconą	3
wizytówka	0
szach	2
jetta	3
bor	2
chłodnica	0
domowy	6
Q	0
twaróg	3
lidla	3
toaletka	1
znalazłem	17
ścienne	3
grażynka	3
Sylwia	0
nerfa	3
kamera	3
wkrętarka	0
sztaluga	0
pluskwa	0
palma	1
kupiłem	12
telefoniczną	3
szmatek	0
paracetamol	3
obsrane	81
grająca	4
podręcznik	23
meblościanka	0
społeczeństwo	3
spadochron	3
Rysiek	0
sosnowiec	3
smycz	4
Ogór	0
gniazdko	6
siostre	3
siarka	1
jarzynowa	0
saszetka	14
zabawkowy	10
nitrylowe	3
narciarskie	3
lateksowe	8
żywnościowe	4
przełożony	1
megane	3
rektor	0
plecy	2
osb	3
główną	6
gramofonowe	4
płuco	0
ovium	3
durex	3
poliuretanowej	3
higienicznych	3
zawiera	20
projektor	3
szklo	3
serwetnik	3
porcelane	3
proteza	2
Mickiewicz	0
suszone	8
lazania	0
podkoszulek	3
pobite	23
przypodłogowe	4
mika	0
pienie	0
zwykłe	10
sneakers	3
sraniu	3
kawka	2
przedszkolanka	0
Dziurgot	0
panda	0
Nikodem	0
spidermana	3
oszczędność	0
orzeszek	0
ludwik	0
pub	4
pp	4
przeprawa	0
monte	3
gorzałka	0
fluid	0
waniliowym	3
silnikowych	3
frytkownica	0
opałowy	3
plan	5
pożar	5
zepsutego	36
czereśnia	0
ogon	4
rakietowym	3
napleta	3
ocean	4
Vinci	0
synek	0
nałęcz	0
ogrodnicze	3
uczucie	2
pluszowego	17
metamfetaminę	3
żaluzja	0
felga	1
małpka	0
matryca	0
he	14
bawełniany	4
grób	3
dżdżownica	2
jagoda	7
marlenkę	3
willa	3
kruszwila	3
lekcja	0
lama	1
kurier	1
mikrofalową	3
bronksu	3
kubełek	14
menstruacyjny	3
ogrodowego	4
Puś	0
termokurczliwa	3
naturalny	3
analny	3
esioka	3
kudła	0
dupla	0
kibo	3
jogobelli	3
dodatek	4
kolorową	14
ekspres	6
kajak	3
jerzyk	0
poroże	3
Jakub	0
twardo	3
Max	0
ipad	0
heteroseksualista	0
hejter	0
hebe	3
ciotka	3
jbl	5
zesrałem	7
gumisie	3
Grześ	0
grafit	5
grafen	3
emaliowany	3
rapa	1
Gabryś	0
friendzone	3
węglowy	3
faworek	0
plakatowe	4
sprzęt	60
dziewczyne	3
stołek	3
kora	3
mieszczą	5
diabeł	1
odebrać	0
muzeum	7
włóczka	0
imigrant	0
gazowy	3
ukraina	0
ciapaty	0
chłoniak	0
święto	0
zapłonową	3
kręgosłup	2
bober	0
pójdziesz	11
butan	3
bursztyn	3
budka	1
brokuł	3
brama	0
jądrowa	3
bocian	4
autko	4
Berent	0
martwe	227
Jadzia	0
piłkarz	0
armor	3
apteczka	0
Kuszewska	0
Anka	0
Anita	0
anitka	3
keyboard	3
Kaźmierczak	0
alternator	3
Hlebowicz	0
litowe	3
agrowłókninę	3
jablko	3
Jul	0
in	9
żubr	3
różdżka	3
gumowiec	0
miecz	10
papierosowe	3
obornik	4
komoda	0
dziki	3
jak	0
jutowy	3
dziecięce	9
słownik	2
tymbarka	3
szejk	0
narzędzie	4
kamyk	0
flak	1
Dominika	0
mara	1
boazeria	0
wars	3
kierownica	1
kółko	5
hamulcowy	3
ludzki	10
kajtek	0
medal	3
lniany	4
łopata	2
melon	1
borowiec	3
Olaf	0
joga	0
kondensator	3
regipsy	3
druga	4
cmentarz	4
łajno	4
elektro	29
siarkowym	3
zwierzęcą	4
Olko	0
CV	0
boja	0
szukać	0
święta	13
olx	5
mech	3
skoszoną	66
notes	5
dorosły	0
Kamiński	0
konewka	0
całe	36
Edyta	0
byle	4
biją	3
Gliwice	0
ha	29
pojazd	3
wafelek	2
insekt	0
shreka	4
krzyżówka	2
denerwują	3
lekarską	3
uczeń	1
chowany	0
mops	0
spaloną	17
staw	0
Bastian	0
zjeżdżalnia	0
pazur	0
rowera	4
teczka	2
zesrał	15
samoprzylepną	3
samochodowego	3
kartkówka	2
klient	2
deoksyrybonukleinowy	3
kropka	6
konopie	3
gorąco	4
hałas	3
bluetooth	3
córeczka	0
wyjdzie	5
blog	4
wyprać	0
używam	5
zwymiotować	0
misiek	0
moja	0
okruszek	3
Mysza	0
dłoń	3
tost	1
pita	0
fotelik	4
smar	4
pilśniową	4
członek	1
ble	23
r	10
kuzynka	7
roślinne	4
tornister	4
asteroida	3
Pilzno	0
osobowy	4
wywali	4
wyborcza	3
zbierać	0
porcelanowa	5
zajmujesz	5
spieprzaj	3
skończyłem	6
złapało	4
jasne	13
mięta	3
dziurka	0
robię	7
spongeboba	5
wyskoczyło	5
taras	4
plazma	0
ps	7
wrzucił	8
odlać	0
a3	3
Alan	0
Grażyna	0
Nataniel	0
habit	0
siedleckiego	3
przyrodzenie	3
czlowieka	3
poszukać	0
poddajesz	5
sztucznych	5
palić	0
pach	0
cludo	3
spa	4
zrozumie	3
wymycie	0
anuluj	9
darmowy	4
stars	4
wypierdalać	0
wykąpać	0
psychiatra	0
kredytowe	3
ogarnąć	0
mnożenie	0
betoniarka	2
polska	11
normalna	4
piątek	6
siedzi	14
gofr	0
zostawić	0
szkodzi	5
mądra	4
piernik	6
ładna	5
wyrzucili	12
PESEL	0
sraczkowaty	4
słuchasz	7
terrarium	3
mord	0
honda	0
księgowy	0
żwir	3
najlepsze	22
wytrzymać	0
seicento	3
homogenizowanego	3
papierowym	6
quad	1
pała	1
Jankowski	0
iphonem	3
Grzesiek	0
pełny	16
zwierzat	3
zepsuje	3
rasową	3
Aleks	0
rozkazujesz	3
hybrydowy	3
abrakadabra	3
zobaczyć	0
suka	4
wsza	3
Peszka	0
kluza	3
nazista	0
krok	2
widziałam	6
melancholik	3
będziemy	35
rynnowym	3
medycznymi	3
nitrogliceryna	3
łuk	3
alfa	2
obejrzeć	0
najczęściej	7
zamiast	12
elektrycznego	6
zwykłego	6
beka	4
sztuczna	26
nowa	12
audio	3
srać	0
zamknął	3
rydzyk	0
wyślij	27
słodki	3
fotograficzny	3
złamać	0
zwrotne	7
podziemie	4
stan	12
odmawiam	4
zdanie	1
Krystyna	0
Bożena	0
ekologiczny	3
domowa	3
kolorowa	11
rozmawia	5
typ	1
at-at	3
drink	1
mania	4
kujawski	4
gumeczka	0
potrzebne	5
pierdoła	1
posłuchał	3
odbierze	4
baśka	1
ludowe	3
żelowy	4
taka	0
zgadza	4
husteczki	4
foliowymi	5
zniszczone	43
przyjadę	14
wyrzucisz	11
podobało	3
załapałem	16
Tate	0
psychologia	0
wiedziałam	6
jojo	3
komisariat	3
wyczyścić	0
Szwecja	0
złomowisko	3
osrana	3
trawnik	4
zrobi	14
stłuczona	16
krzyczał	3
żołądek	4
bilon	3
ropucha	1
UPS	0
jagielloński	3
bruk	3
szwagierka	0
kartonowy	6
kiełbaska	1
homoseksualista	2
hindus	0
glut	1
porcelanowe	7
żurek	4
Marks	0
gta	4
Boguś	0
ława	0
pierwiastek	12
adhd	3
bezalkoholowym	3
elektron	4
paprotka	0
punto	4
kapela	1
chlebek	6
pomyliłeś	5
uruchomić	0
student	2
uszko	0
salon	4
pomożesz	7
wyrzucony	3
muzyczny	3
zadziała	3
nigdzie	10
jesz	4
granica	0
ż	3
zaopiekuje	5
lol	6
klaun	2
pin	2
kwiatuszek	0
kogut	3
kilogram	12
komp	0
zamrażarka	2
kurs	16
Pszów	0
gryzoń	0
owca	3
hotel	7
licznik	2
parking	2
styl	1
ubikacja	2
kreda	2
filozofia	3
warka	2
terma	2
rubin	3
szlifierka	1
korniszon	0
szparag	0
boeing	1
Pawełek	0
dzieciak	0
rodzaj	3
kuna	2
Putin	0
moment	4
głupol	1
balsam	6
turek	1
rana	4
magia	2
spanie	5
poszewka	4
losowanie	4
wersja	2
bus	5
zona	2
tłumaczenie	1
pompa	2
Miller	0
konina	1
Gabrysia	0
makówka	2
miseczka	2
bakłażan	3
milka	2
smalec	3
hel	2
piórko	1
ciasteczko	0
odświeżacz	13
boczek	2
legia	4
fagas	1
beza	1
owsianka	1
kołodziej	2
osioł	1
napad	2
śmieszek	5
przepis	9
szczęście	4
gangster	0
radość	0
król	37
szczyt	2
dziad	0
drugi	15
kolejka	2
brudas	1
materia	2
Madzia	0
grafik	1
esemes	0
lipiec	0
autor	0
wilk	2
kierowca	4
komunista	2
dupka	2
drzewko	10
Białystok	0
kwiecień	2
um	0
serwer	2
kreska	0
serial	5
Ball	0
scena	0
Belgia	0
pręt	2
tłumik	3
wagina	2
paluch	2
Macieja	0
Irek	0
algorytm	1
kaloria	0
frakcja	1
doba	2
zastrzyk	0
cham	0
Tomasz	0
lepsze	9
skurwysyn	7
Gniezno	0
elektrownia	2
fotka	0
anglik	0
Olech	0
Tarlecka	0
środa	2
Pablo	0
łosoś	0
dentysta	0
tatuaż	1
zupka	2
karaś	0
zmarły	0
zdrapka	0
łoś	1
wójcik	1
maks	3
wiola	1
Włochy	0
wazelina	0
wampir	0
umarły	0
uchodźca	2
most	6
koszmar	3
twórca	2
trotyl	2
kombajn	2
tesla	2
terminal	2
tablica	1
tabaka	1
słonina	0
słodziak	0
sznurowadło	0
podkład	4
szczypior	2
syf	2
strzałka	0
pieczątka	0
wahacz	2
antybiotyk	3
pustak	1
śmierdziel	1
tranzystor	2
szyna	1
spinka	0
sowa	1
sekunda	0
sandr	0
łada	2
róża	0
roleta	0
regał	2
krawczyk	2
browarek	0
żarcie	7
puf	0
metr	1
wkładka	1
pieczarka	0
pchła	1
szaszłyk	0
baranek	3
kask	6
dog	1
edukacja	0
minister	4
profesor	4
pajac	1
oś	0
vectra	3
puste	113
ramię	2
mozzarella	1
bulion	1
cif	2
taniec	5
egzamin	2
niewypał	2
niewolnik	0
walczak	2
znak	25
luz	3
muszelka	0
murzynka	4
Morawiecki	0
mina	4
Czarnecki	0
rączka	0
jednorazówka	2
maskara	0
mamut	0
Lucyna	0
lokówka	0
lokomotywa	0
lewak	0
lateks	2
kłak	0
kukułka	2
Elżbieta	0
kroplówka	0
pulpet	2
Antoni	0
kowadło	2
jawa	0
kopyto	3
kopa	5
kolibr	0
groch	2
klozet	2
glazura	1
bójka	2
kij	12
przesyłka	0
jelito	3
jawor	2
jacht	3
insulina	0
rabarbar	2
hyundai	7
hummus	3
główka	4
kuchenna	0
grawitacja	0
Gośka	0
ocieplenie	2
glizda	0
furia	0
chlor	2
forsa	1
encyklopedia	1
dzwonek	2
dym	2
donica	0
diesel	1
Diana	0
wąs	0
pacjent	2
brokat	2
koralik	0
bobas	0
kleina	2
białko	6
Bem	0
bankomat	2
baner	2
Macierewicz	0
aloes	2
aligator	0
ponton	3
wódeczka	0
pornos	0
metka	1
magazyn	1
elewacja	0
korzeń	3
opuszka	1
krówka	1
kościotrup	2
gil	1
wafel	0
sen	2
tęcza	5
bielak	1
laser	5
grejpfrut	0
foka	1
seler	2
porada	0
nissan	3
Mietek	0
linijka	2
reszta	9
nabiał	3
Emilka	0
kontakt	3
odbiór	20
perła	4
Helenka	0
guz	2
dwójka	1
automat	3
władza	0
grzybek	0
pornografia	1
Janicki	0
zimne	2
Tadek	0
pingwin	1
mus	0
sprawdzian	2
funt	0
uśmiech	5
Pinokio	0
jeleń	1
teflon	2
popek	2
pracodawca	1
kasztan	1
chustka	1
wózek	16
goryl	1
wiosna	1
alka	3
zięć	0
bzdura	1
Wietnam	0
piękno	0
wieś	3
Zofia	0
złotnik	3
Lubina	0
uszczelka	0
wewnętrzny	0
zmywak	3
utylizacja	6
palenie	4
brytania	0
bar	1
napięcie	2
lepsza	3
podwyżka	0
rozwód	2
trefl	1
corolla	2
żywiec	2
ośmiornica	0
młody	7
gruźlica	1
zabytek	1
tips	0
zakręt	1
czop	2
nuda	3
ciągnik	4
dzidziuś	0
makijaż	2
fant	0
bok	3
akcja	3
Tosia	0
spacer	3
duha	0
pierwszy	10
sum	1
rys	0
plaża	1
relacja	2
szafir	1
pijak	1
kluska	3
karaluch	2
elektrolit	2
mamba	0
deskorolka	4
Basia	0
kordelas	2
grupa	3
anioł	0
km	5
świerk	1
figa	0
rolka	11
ptaszek	1
oczko	1
chat	1
narodowiec	0
Kazio	0
Agatka	0
kanał	2
popielniczka	0
agrest	1
okładka	1
świetlik	1
bańka	3
usługa	1
ząbek	1
wariat	1
kondor	0
postać	0
narkoman	0
strażak	1
grat	0
mail	0
religia	1
pokarm	0
hipopotam	1
polityka	13
prawnik	2
klepka	2
psycholog	1
adwokat	1
elka	1
rynna	1
market	0
ruski	2
deser	2
piorun	1
pięta	1
grubas	1
skurwiel	4
uryna	1
tubka	49
nosek	1
nóżka	1
pers	0
Afroamerykanin	0
lesbijka	0
macica	1
pocisk	4
belka	9
chłopiec	1
zima	2
puch	1
karetka	1
blondynka	0
odrzutowiec	2
skrzynka	1
motorek	1
katalizator	3
kamerzysta	1
jamnik	1
gaśnica	1
proch	2
brud	5
antyk	1
mazur	1
ocena	0
Jowisz	0
żurawina	2
